date,location,tweets
2019-04-15 21:32:37,"Los Angeles, CA",RT @dog_feelings: the human likes to cover my eyes with my ears. and pretend there‚Äôs been a power outage. i go along with this. because it‚Ä¶
2019-04-15 21:32:30,,Power outage near  Anaheim and Avalon
2019-04-15 21:32:13,1436 SE Powell :: 503-477-8380,"After a brief power outage today, we are back in action. Not even an act of God is going to keep a train from this‚Ä¶ https://t.co/4Hf6qAK6PG"
2019-04-15 21:31:31,"69 Voortrekker Road, Oudtshoor","There is an unexpected power outage in Colridge View affecting 5th, 6th, 7th Avenues and adjacent streets. This is‚Ä¶ https://t.co/H0phbFi0eK"
2019-04-15 21:21:28,"Edmonton, Alberta, Canada",ATCO Crews continue to work restoring power after today's spring snow storm.  If you're in the High Prairie region‚Ä¶ https://t.co/NSVDE4FAmH
2019-04-15 21:20:09,,RT @hydroottawa: Our crews are making progress on today's power outage. We're expecting to have the majority of customers restored within t‚Ä¶
2019-04-15 21:14:40,"Pennsylvania, USA",Well this explains our power outage! I took my neighbor some bottled water and had some time to see all the downed‚Ä¶ https://t.co/moj7Q6qmNq
2019-04-15 21:12:09,"Woden, Texas","This Week at Woden ISD
(April 15, 2019)
Monday:
No School due to power outage
School Board Meeting
JV Baseball @ Ce‚Ä¶ https://t.co/4gmH104QTZ"
2019-04-15 21:11:54,"Scranton, Pa.",Food safety in a power outage https://t.co/i3UZPDYEvu
2019-04-15 21:10:56,"Windsor, Ontario",RT @TownofLakeshore: Due to the extended Hydro outage in  #Lakeshore advises homeowners to check on their sump pump backup power systems to‚Ä¶
2019-04-15 21:10:31,"Casselberry, FL","RT @911onFOX: A massive power outage fuels fires and disasters all across LA...

Catch the next #911onFOX tonight at 9/8c. https://t.co/Ynk‚Ä¶"
2019-04-15 21:08:25,,"RT @911onFOX: A massive power outage fuels fires and disasters all across LA...

Catch the next #911onFOX tonight at 9/8c. https://t.co/Ynk‚Ä¶"
2019-04-15 21:08:18,Southern California,"@geraldinerodla Hi Geraldine, we're sorry we missed your message and to learn you were without power. In the future‚Ä¶ https://t.co/g8nKjnA0Ok"
2019-04-15 21:07:58,New York  U.S.A.,"RT @911onFOX: A massive power outage fuels fires and disasters all across LA...

Catch the next #911onFOX tonight at 9/8c. https://t.co/Ynk‚Ä¶"
2019-04-15 21:07:46,"Windsor, Ontario",RT @TownofLakeshore: Due to the extended Hydro outage in  #Lakeshore advises homeowners to check on their sump pump backup power systems to‚Ä¶
2019-04-15 21:03:40,"Jacksonville, FL","@mayhem_crimson I have three that stand out.

When I saw Toy Story 3 and Mockingjay Part 2, there were noisy theate‚Ä¶ https://t.co/1NwaT3La3l"
2019-04-15 21:02:24,Central Texas,"UPDATE: An Oncor manager said a ""transmission line issue"" caused the power outage at 2:59 p.m. About 7,500 customer‚Ä¶ https://t.co/5sOBspZPfw"
2019-04-15 21:01:41,United States,"Due to a power outage Centura Richmond is closed for the rest of the day, April 15th."
2019-04-15 21:00:44,"Cambridge, MA",Roughly 600 customers of Eversource lost power Saturday evening after a transformer caught fire on Green Street and‚Ä¶ https://t.co/h4RZN3Rvv6
2019-04-15 20:51:56,Pakistan,Miss you @CMShehbaz. It's been more than twelve hours now to power outage in one of the most commercial localities‚Ä¶ https://t.co/qnsbXLEBrL
2019-04-15 20:50:38,"Massachusetts, USA",@Ms_Crash Yea wtf was that random power outage... and then it was like booming lighting!!
2019-04-15 20:48:45,Washington DC and Kinshasa DRC,"I was w/ you an instant ago... then the neighborhood was hit by a power outage! Kinshasa, you know... https://t.co/nzBbZRqJ3V"
2019-04-15 20:44:46,Central Texas,"More than 18,000 Oncor customers were without power around 3 p.m. on Monday, according to Oncor's outage map.

By a‚Ä¶ https://t.co/byTwnolQqS"
2019-04-15 20:41:22,FarRight Cave,@TigerLetsRoll @GodsAngel1122 Apparently never had this happen to her. Police generally arrive after the fact folks‚Ä¶ https://t.co/gMw9MIrOSc
2019-04-15 20:40:43,South Philly,If it was a power outage last night I woulda been salty they woulda came and booked me
2019-04-15 20:40:06,"Morgantown, WV",Pedestrian cited in auto/pedestrian incident during Morgantown power outage https://t.co/5bzuxOGN8p
2019-04-15 20:38:35,,Power outage calls for a short work day ‚úåüèºüòå
2019-04-15 20:37:04,"Lakeshore, Ontario",Due to the extended Hydro outage in  #Lakeshore advises homeowners to check on their sump pump backup power systems‚Ä¶ https://t.co/nQNZKWGwzw
2019-04-15 20:34:55,"Alexandra, Victoria, Australia",Power Outage: 04:45AM: (67 premises) - Taylor Bay (59) Eildon (8) Restoration: 10:30AM 16/04 See https://t.co/c13YV2EJdO #vicPower
2019-04-15 20:29:35,38652,"RT @911onFOX: A massive power outage fuels fires and disasters all across LA...

Catch the next #911onFOX tonight at 9/8c. https://t.co/Ynk‚Ä¶"
2019-04-15 20:29:11,,"RT @911onFOX: Prepare for a massive power outage in LA...

#911onFOX is back tonight at 9/8c. https://t.co/xqXGqDLzJB"
2019-04-15 20:28:56,,RT @MeliSMarchand: Wonder what it would be like if the power suddenly went out for your whole country? @CaracasChron walks you though a day‚Ä¶
2019-04-15 20:28:44,"Halton Hills, Ontario",Acton Area (73M4) has been affected by a power outage. Crews have been notified and dispatched. Large Industrial cu‚Ä¶ https://t.co/kSsJsxrmLf
2019-04-15 20:28:18,"Halton Hills, Ontario",Acton Area (73M4) has been affected by a power outage. Crews have been notified and dispatched. Larg... 16:28:17(37‚Ä¶ https://t.co/H2nYATeCs8
2019-04-15 20:28:16,"Clarks Summit, Pa",The Day the Earth Stood Still (1951) - Power Outage https://t.co/YryIK95pW8 via @YouTube
2019-04-15 20:28:14,"Peterborough, Ontario, Canada","A system-wide power outage at the 911 Centre, explosions in multiple homes, and a difficult child birth spell troub‚Ä¶ https://t.co/WYeSkqyjbF"
2019-04-15 20:28:12,"Wuse Zone 4, Abuja, Nigeria","@Suleeys Our apologies for the prolonged power outage. We regret all inconvenience caused, all hands are on deck to‚Ä¶ https://t.co/MPfCzEta07"
2019-04-15 20:27:06,"Melfort, Saskatchewan",RT @northeastNOW_SK: Vehicle hits fallen power lines on Highway 3 resulting in power outage https://t.co/3P0awwfdeZ https://t.co/2luXjkATK2
2019-04-15 20:24:47,,"@AwardsDarwin Happy memories of our deputy head, Mrs Davies, taking a physics lesson and demonstrating electromagne‚Ä¶ https://t.co/mYg9aG50zq"
2019-04-15 20:23:40,"Philadelphia, PA","Monday, April 15, 2019: The Firestone Scouting Resource Center and Valley Forge Scout Shop are closing for the rema‚Ä¶ https://t.co/36xE4y8SA0"
2019-04-15 20:22:56,"Morristown, NJ","@ickstay Hi Joey - If you're still without power, please call 888-544-4877 to report your outage. Thank you!"
2019-04-15 20:22:20,M√©xico DF,"RT @CSIS: Without electricity, running water, or functional telecommunications, the conditions inside Venezuela resemble that of a country‚Ä¶"
2019-04-15 20:21:44,Greater Philadelphia Region,There is currently a power outage at GCIT. We've been told estimated restoration time is 6pm. Practices will start‚Ä¶ https://t.co/dW2s6eL07D
2019-04-15 20:19:03,"Murray, KY",My fish died during the power outage last night. Thanks MKY #JusticeForBigMomma
2019-04-15 20:18:08,,"RT @911onFOX: Prepare for a massive power outage in LA...

#911onFOX is back tonight at 9/8c. https://t.co/xqXGqDLzJB"
2019-04-15 20:17:51,Non-Binary // OTTAWA CANADA,"RT @OC_Transpo: Potential Delays on many routes can be expected, due to large scale power outage in the west end of Ottawa. https://t.co/Kj‚Ä¶"
2019-04-15 20:17:49,,"A massive power outage fuels fires and disasters all across LA... 

Catch the  new episode of #911onFOX tonight at‚Ä¶ https://t.co/EdPU91PWBp"
2019-04-15 20:15:06,United States,"RT @business: Power outages in the Philippines will likely continue on Monday as some power plants shut, triggering an investigation at the‚Ä¶"
2019-04-15 20:13:47,"Maryland,USA   Pensylvania USA",RT @mcfrsPIO: MoCo WIND WEATHER ADVISORY 8a to 8p - Report Power Outage @MontgomeryCoMD - BG&amp;E @MyBGE 1-877-778-2222; First Energy @Potomac‚Ä¶
2019-04-15 20:11:41,.,Class cancelled tonight because of a power outage we love to hear that
2019-04-15 20:08:37,Cleveland,"RT @shakerschools: The Administration Building will remain closed Tuesday, April 16, 2019, due to a power outage. We are working with CEI t‚Ä¶"
2019-04-15 20:08:26,,"RT @911onFOX: Prepare for a massive power outage in LA...

#911onFOX is back tonight at 9/8c. https://t.co/xqXGqDLzJB"
2019-04-15 20:08:24,Ohio,"If you rely on a medical device such as a respirator or ventilator, register with your electric company. While ther‚Ä¶ https://t.co/1VgOa9EBev"
2019-04-15 20:08:08,"Stima Plaza, Nairobi, Kenya","@ogada700 Good evening. In case of a power outage, please provide your a/c number and any nearby landmark e.g. a sc‚Ä¶ https://t.co/Mkyg3jK18V"
2019-04-15 20:07:48,"ÿßŸÑÿ±Ÿäÿßÿ∂, ÿßŸÑŸÖŸÖŸÑŸÉÿ© ÿßŸÑÿπÿ±ÿ®Ÿäÿ© ÿßŸÑÿ≥ÿπŸàÿØŸäÿ©","RT @911onFOX: A massive power outage fuels fires and disasters all across LA...

Catch the next #911onFOX tonight at 9/8c. https://t.co/Ynk‚Ä¶"
2019-04-15 20:07:19,"Stima Plaza, Nairobi, Kenya","@allan_the_great @KenyaPower Good evening. In case of a power outage, please provide your a/c number and any nearby‚Ä¶ https://t.co/F55hzQi5GC"
2019-04-15 20:07:16,"Shaker Heights, Ohio","The Administration Building will remain closed Tuesday, April 16, 2019, due to a power outage. We are working with‚Ä¶ https://t.co/fLCIWbKZ7f"
2019-04-15 20:06:10,"Delaware, USA",@DelmarvaConnect Third power outage in three days. I'm deducting $15 from my monthly bill. Thanks.
2019-04-15 20:04:19,D„ÄΩÔ∏èV,There‚Äôs an power outage in my neighborhood. ü§¶üèæ‚Äç‚ôÇÔ∏è
2019-04-15 20:04:00,330| where the sky ends,This power outage stuff is just another reason why I don't wanna move into the city! Cause that's ridiculous for th‚Ä¶ https://t.co/qya5DxhRht
2019-04-15 20:03:25,"Idaho, USA",Nothing like a good ole power outage in the middle of streaming
2019-04-15 20:03:01,In an overpriced VIP section,"Got to work and they sent everybody home cause a power outage 

I love getting paid to do nothing üòÖ"
2019-04-15 20:02:25,Accra,Power outage again. PDS must be scratching their heads
2019-04-15 20:02:01,,The world is ending. #NotreDame burning and large power outage in Waco.
2019-04-15 20:01:52,"Phoenix, AZ",RT @dog_feelings: the human likes to cover my eyes with my ears. and pretend there‚Äôs been a power outage. i go along with this. because it‚Ä¶
2019-04-15 20:01:38,"Stima Plaza, Nairobi, Kenya","@timmzzy84 @KenyaPower Good evening. In case of a power outage, please provide your a/c number and any nearby landm‚Ä¶ https://t.co/jd4X5ZE2J0"
2019-04-15 20:01:29,"Stima Plaza, Nairobi, Kenya","@timmzzy84 @KenyaPower Good evening. In case of a power outage, please provide your a/c number and any nearby landm‚Ä¶ https://t.co/SuDbArZOcE"
2019-04-15 20:01:16,"Stima Plaza, Nairobi, Kenya","@ArnoldKarani Good evening. In case of a power outage, please provide your a/c number and any nearby landmark e.g.‚Ä¶ https://t.co/ROzgqv16o6"
2019-04-15 20:01:11,"Stima Plaza, Nairobi, Kenya","@ArnoldKarani @KenyaPower Good evening. In case of a power outage, please provide your a/c number and any nearby la‚Ä¶ https://t.co/nIzwMrMVNU"
2019-04-15 20:00:59,"Lethbridge, Alberta",RT @LethbridgeCity: We're having a super quick 20 minute power outage on April 17th affecting approximately 135 customers in the area of St‚Ä¶
2019-04-15 19:59:49,"√úT: 34.15341,-118.389597","@1MaLeslie Hi Leslie, crews are currently working to restore power in the Tarzana area, they're estimating it shoul‚Ä¶ https://t.co/wBzI56zc5A"
2019-04-15 19:58:47,,@keusenon I was woken up midnight by thunderstorm and my lights going out for 30 sec. Never ran so fast to properly‚Ä¶ https://t.co/0Dyq5Cdiat
2019-04-15 19:58:31,The Hidden Porn Library,we're back online after a 2 hour + power outage.
2019-04-15 19:58:18,"Stima Plaza, Nairobi, Kenya","@Therobinmwangi @KenyaPower Good evening. In case of a power outage, please provide your a/c number and any nearby‚Ä¶ https://t.co/Cd1tjmhZsi"
2019-04-15 19:56:16,"861 Silver Lake Blvd,Dover, DE",Delmarva Power is working to restore power to the approximately 650 Delaware customers affected by this morning's s‚Ä¶ https://t.co/qNxIB0Hahy
2019-04-15 19:54:57,"Stima Plaza, Nairobi, Kenya","@mbugua_e ===&gt; Good evening. In case of a power outage, please provide your a/c number and any nearby landmark e.g.‚Ä¶ https://t.co/khQD83xKxv"
2019-04-15 19:54:28,"BLOOMFIELD HILLS, MICHIGAN","RT @911onFOX: Prepare for a massive power outage in LA...

#911onFOX is back tonight at 9/8c. https://t.co/xqXGqDLzJB"
2019-04-15 19:53:02,"Sewell, NJ",RCGC is closing at 4pm on 04/15/2019 due to a power outage.  All classes and activities after 4pm are canceled.  Es‚Ä¶ https://t.co/8ccP7zfDHe
2019-04-15 19:48:42,"Penns Grove, NJ",I called it the college is closing due to power outage
2019-04-15 19:47:26,"West Long Branch, NJ",Power outage on RT 36 in front of Aldi's. JCPL AND @WLBPD on scene. https://t.co/nmPlOLbiXd
2019-04-15 19:47:23,,"RT @911onFOX: Prepare for a massive power outage in LA...

#911onFOX is back tonight at 9/8c. https://t.co/xqXGqDLzJB"
2019-04-15 19:46:52,Hippieland ‚úåüèæ,"RT @911onFOX: Prepare for a massive power outage in LA...

#911onFOX is back tonight at 9/8c. https://t.co/xqXGqDLzJB"
2019-04-15 19:46:29,,04/15/2019 Barton Electric is experiencing an outage of undetermined cause at this time. This is affecting the Brow‚Ä¶ https://t.co/2nVPqIhA6z
2019-04-15 19:45:42,"Maui, USA","@JohnSpensieri1 We just had a power outage here for about an hour, and now it's come back on and I don't see any of‚Ä¶ https://t.co/lTfRP1ZEkV"
2019-04-15 19:42:59,"Miami, FL","Pc is down for the day, power outage was super effective."
2019-04-15 19:42:05,"Florida, USA","RT @911onFOX: Prepare for a massive power outage in LA...

#911onFOX is back tonight at 9/8c. https://t.co/xqXGqDLzJB"
2019-04-15 19:41:57,United Kingdom,"Chnage of plan on Codebase Alpha this evening. Due to a power outage, @MillerMark can't join me today, so we'll res‚Ä¶ https://t.co/kX503BtnBD"
2019-04-15 19:40:30,,@codebasealpha Doh! Power outage is causing us to reschedule this for next week.
2019-04-15 19:38:47,"Port Colborne, Ontario","RT @911onFOX: A massive power outage fuels fires and disasters all across LA...

Catch the next #911onFOX tonight at 9/8c. https://t.co/Ynk‚Ä¶"
2019-04-15 19:37:42, Mars,Power outage at home......let‚Äôs hope they have it back up and running by the time I get done work and it stays on
2019-04-15 19:36:02,USA | CUTHBERT | GA‚Ñ¢,"RT @911onFOX: Prepare for a massive power outage in LA...

#911onFOX is back tonight at 9/8c. https://t.co/xqXGqDLzJB"
2019-04-15 19:35:34,"Lethbridge, Alberta",We're having a super quick 20 minute power outage on April 17th affecting approximately 135 customers in the area o‚Ä¶ https://t.co/vsCE55W5Kl
2019-04-15 19:34:41,"Wuse Zone 4, Abuja, Nigeria","@odenibo Hi Odenibo, we apologize for the outage. We are working to restore power ASAP. Kindly bear with us."
2019-04-15 19:34:16,"Kingston, Jamaica",RT @Nicholas_James8: Wah kinda power outage this....
2019-04-15 19:32:53,Planet Melancholic,"RT @911onFOX: Prepare for a massive power outage in LA...

#911onFOX is back tonight at 9/8c. https://t.co/xqXGqDLzJB"
2019-04-15 19:32:40,"Atlanta, Ga","#TRAVELADVISORY Cobb Co: power outage around Marietta Square; if you come upon any traffic signals that are out, pl‚Ä¶ https://t.co/vtZPiMHjsc"
2019-04-15 19:32:37,"Atlanta, GA","#TRAVELADVISORY Cobb Co: power outage around Marietta Square; if you come upon any traffic signals that are out, pl‚Ä¶ https://t.co/gGp0reGopE"
2019-04-15 19:31:51,Atlanta,"#TRAVELADVISORY Cobb Co: power outage around Marietta Square; if you come upon any traffic signals that are out, pl‚Ä¶ https://t.co/u5qn54OW85"
2019-04-15 19:31:49,750 Rt 36 Eatontown NJ 07724,Due to the power outage in the Eatontown/Long Branch area we are operating at limited capacity. We will keep you po‚Ä¶ https://t.co/hcACmiHcXZ
2019-04-15 19:31:05,In Gods Hands,This power outage is a waist!
2019-04-15 19:30:32,"Elk Grove Village, IL",Check out the new look of Steiner Power Systems vans and rental generators! Available 24/7 to handle any planned or‚Ä¶ https://t.co/AfbxGXGFjU
2019-04-15 19:30:17,Midland,@MidlandPUC Is there an outage in town or work being done? We just lost power on Hugel
2019-04-15 19:29:29,,"RT @911onFOX: Prepare for a massive power outage in LA...

#911onFOX is back tonight at 9/8c. https://t.co/xqXGqDLzJB"
2019-04-15 19:27:10,,"RT @911onFOX: Prepare for a massive power outage in LA...

#911onFOX is back tonight at 9/8c. https://t.co/xqXGqDLzJB"
2019-04-15 19:27:06,"Worcester, MA","RT @911onFOX: Prepare for a massive power outage in LA...

#911onFOX is back tonight at 9/8c. https://t.co/xqXGqDLzJB"
2019-04-15 19:26:07,"Choctaw, OK","RT @911onFOX: A massive power outage fuels fires and disasters all across LA...

Catch the next #911onFOX tonight at 9/8c. https://t.co/Ynk‚Ä¶"
2019-04-15 19:25:30,"Portland, OR","Due to a power outage in the area, our Division location is closed today. Come see us in Portland at¬†2204 NE Albert‚Ä¶ https://t.co/aFMAbwm2t9"
2019-04-15 19:22:14,,"RT @911onFOX: Prepare for a massive power outage in LA...

#911onFOX is back tonight at 9/8c. https://t.co/xqXGqDLzJB"
2019-04-15 19:22:11,Marietta Georgia,"@DougTurnbull there was a power outage, but now a gas leak is the big issue. https://t.co/KJdNmEur0x"
2019-04-15 19:21:53,"Lilongwe, Malawi",I am unable to continue watching Arsenal match because of power outage. I think witchcraft is real.
2019-04-15 19:19:37,"New York, NY",There was just a power outage in my area. I wonder how many people were as dumb as me and paid their bill because t‚Ä¶ https://t.co/hVzwKv4xpS
2019-04-15 19:19:36,"Dallas, TX","RT @911onFOX: Prepare for a massive power outage in LA...

#911onFOX is back tonight at 9/8c. https://t.co/xqXGqDLzJB"
2019-04-15 19:17:28,,"RT @tracypholmes: HALP, tech fam! Pour over, Aeropress, French press, or other? Power outage(s) in my city have convinced me to reconsider.‚Ä¶"
2019-04-15 19:15:12,"Ohio, USA","RT @911onFOX: Prepare for a massive power outage in LA...

#911onFOX is back tonight at 9/8c. https://t.co/xqXGqDLzJB"
2019-04-15 19:15:12,Some Where Out There...,"RT @911onFOX: Prepare for a massive power outage in LA...

#911onFOX is back tonight at 9/8c. https://t.co/xqXGqDLzJB"
2019-04-15 19:14:50,"Dublin City, Ireland",@ESBNetworks Power outage in drumcondra the past 30 mins any est time for return of services ? Thanks!
2019-04-15 19:14:15,Gotham City,"@ATCO Power outage, St. Paul, AB. What's going on?"
2019-04-15 19:13:52,nigeria,"RT @XperiencSwtness: Thread bcos knowledge is power. Pls know d individuals who own ur DISCOüëá

1. ELECTRICITY DISTRIBUTION IN NIGERIA IS CO‚Ä¶"
2019-04-15 19:13:07,Canada,@Amankhan95 @RaghebAlkilani @Natasha_Kytana Hainaaa ;_; its flooding here yar there was a power outage kal raat even
2019-04-15 19:11:50,"Hocketown West, High 5 State",@911onFOX Seems like every show I‚Äôve watched the past two weeks has had a power outage or city wide blackout.
2019-04-15 19:11:36,"Dublin City, Ireland",Love me a power outage when I've assignments due https://t.co/q4YmscukQZ
2019-04-15 19:11:01,NYC,"RT @911onFOX: A massive power outage fuels fires and disasters all across LA...

Catch the next #911onFOX tonight at 9/8c. https://t.co/Ynk‚Ä¶"
2019-04-15 19:09:29,Italia,"RT @911onFOX: A massive power outage fuels fires and disasters all across LA...

Catch the next #911onFOX tonight at 9/8c. https://t.co/Ynk‚Ä¶"
2019-04-15 19:09:19,USA East Coast,"Mission accomplished, @CyberSquirrel1!!
The News Journal: Power outage in Wilmington's Forty Acres and Highlands ne‚Ä¶ https://t.co/bo5Z01kptF"
2019-04-15 19:09:02,CJ CRAFT CORNER,"RT @911onFOX: Prepare for a massive power outage in LA...

#911onFOX is back tonight at 9/8c. https://t.co/xqXGqDLzJB"
2019-04-15 19:08:49,"NYC | √úT: 41.668749,-72.954246",RT @princemoneey: Power Outage These Days Doesn‚Äôt Make Sense At All üò§ ECG Sef No Really Fock Up Like This New PDShjt Company üò°
2019-04-15 19:08:24,OnTopOfTheWorld,Power Outage These Days Doesn‚Äôt Make Sense At All üò§ ECG Sef No Really Fock Up Like This New PDShjt Company üò°
2019-04-15 19:08:03,"Atlanta, GA","RT @rosser_1992: @DougTurnbull Church and Cherokee St in Marietta is messed up due to a power outage around Kennestone, also affecting near‚Ä¶"
2019-04-15 19:07:56,"Pandora, Elpis & Promethea",@WeirdScienceX Had an update start and then a power outage. Blue screen after that. Was a lot of fun (this was a while back)
2019-04-15 19:07:04,"Los Angeles, CA, USA",RT @josephsiu: We weren‚Äôt able to go up to the top of #NotreDame last time due to a power outage. We said we would do it the next time; I h‚Ä¶
2019-04-15 19:06:55,‚ô•Ô∏è,"RT @911onFOX: Prepare for a massive power outage in LA...

#911onFOX is back tonight at 9/8c. https://t.co/xqXGqDLzJB"
2019-04-15 19:06:31,Marietta Georgia,"@DougTurnbull Church and Cherokee St in Marietta is messed up due to a power outage around Kennestone, also affecting nearby neighborhoods."
2019-04-15 19:04:59,"Ottawa, Ontario",RT @CTVOttMornLive: This map shows the power outage is affecting multiple areas. #ottnews https://t.co/w1MCwmq6nj
2019-04-15 19:03:53,"Akron, Ohio","@LeighG11 Hi Leigh. At this time, we expect to restore power to the majority of affected customers in your area by‚Ä¶ https://t.co/obL5rsXzhI"
2019-04-15 19:03:46,,"@Akolkowski Hello,sorry about the outage.Power is off due to a fault on the line,works are in progress and power wi‚Ä¶ https://t.co/2WxgsrxNJB"
2019-04-15 19:03:02,Parts unknown.,"RT @911onFOX: Prepare for a massive power outage in LA...

#911onFOX is back tonight at 9/8c. https://t.co/xqXGqDLzJB"
2019-04-15 19:01:06,"Akron, Ohio",@thetechbuzz Hi Stephen. We expect to restore power to the majority of affected customers by 11:30 p.m. tomorrow. Y‚Ä¶ https://t.co/7AHih9L9kL
2019-04-15 19:00:58,Jamaica,Wah kinda power outage this....
2019-04-15 18:59:04,Don Don's crib,"RT @911onFOX: Prepare for a massive power outage in LA...

#911onFOX is back tonight at 9/8c. https://t.co/xqXGqDLzJB"
2019-04-15 18:58:56,"Pawnee, IN","RT @911onFOX: Prepare for a massive power outage in LA...

#911onFOX is back tonight at 9/8c. https://t.co/xqXGqDLzJB"
2019-04-15 18:58:42,Dublin,@ESBNetworks Power outage in Drumcondra Dublin 9 now Monday night 8 pm
2019-04-15 18:58:28,areacode254,@KenyaPower_Care @KenyaPower how many days do I have to call to get a power outage sorted out? Its now 5days and counting.
2019-04-15 18:56:51,"Youngstown, OH",Shall I stream to make up after yesterdays power outage? The answer is maybe. I'm hungry af though lol https://t.co/37um2QFFB0
2019-04-15 18:56:15,"Boston, MA",RT @dog_feelings: the human likes to cover my eyes with my ears. and pretend there‚Äôs been a power outage. i go along with this. because it‚Ä¶
2019-04-15 18:55:24,"Portland, OR",THERE IS A NEIGHBORHOOD WIDE POWER OUTAGE IN THE 97202 ZIP CODE WHICH INCLUDES OUR DIVISION LOCATION. If you have a‚Ä¶ https://t.co/VJl1sfz7vf
2019-04-15 18:54:54,"Lakeshore, Ontario","RT @KovacMarkham: Power outage at school all day... No problem, we got this! üòäüòâ #growthmentality #oldschool https://t.co/NEaTitu8AK"
2019-04-15 18:54:35,Nigeria,This part of Ibadan has to be the worst part. I can't have a friend over for holiday cos of power outage. I can't e‚Ä¶ https://t.co/XMSYCgZpda
2019-04-15 18:54:28,"Blue Bell, PA","Please be aware that we are currently experiencing a power outage in our district office. ‚ö°Ô∏èüö´ 

We hope to be back‚Ä¶ https://t.co/YpPTdNBoYw"
2019-04-15 18:54:24,"Mississippi, USA","HALP, tech fam! Pour over, Aeropress, French press, or other? Power outage(s) in my city have convinced me to recon‚Ä¶ https://t.co/e7fcnBR10z"
2019-04-15 18:54:12,,@ESBNetworks power outage in Tolka Estate
2019-04-15 18:53:45,"Hamilton, Ontario","RT @911onFOX: A massive power outage fuels fires and disasters all across LA...

Catch the next #911onFOX tonight at 9/8c. https://t.co/Ynk‚Ä¶"
2019-04-15 18:53:05,"Portland, OR",THERE IS A NEIGHBORHOOD WIDE POWER OUTAGE IN THE 97202 ZIP CODE WHICH INCLUDES OUR DIVISION LOCATION. If you have a‚Ä¶ https://t.co/u0v1xNE2Xv
2019-04-15 18:52:46,,"RT @911onFOX: A massive power outage fuels fires and disasters all across LA...

Catch the next #911onFOX tonight at 9/8c. https://t.co/Ynk‚Ä¶"
2019-04-15 18:50:40,"North Carolina, USA","Today was a good day, all my classes got cancelled because there was a power outage at school ü§™"
2019-04-15 18:50:22,"College Park, MD",As salaamualaikum : Power outage at Al-Huda School due to high winds. We will send an update by 9 pm In Shaa Allah‚Ä¶ https://t.co/PS0vTG2Fqd
2019-04-15 18:50:07,"Lewisburg, Pa.","Attn: Due to power outage projected restoration not being until midnight, the rest of today‚Äôs sessions at TROTFITNESS are canceled, sorry!"
2019-04-15 18:49:27,Lagos ,"RT @XperiencSwtness: Thread bcos knowledge is power. Pls know d individuals who own ur DISCOüëá

1. ELECTRICITY DISTRIBUTION IN NIGERIA IS CO‚Ä¶"
2019-04-15 18:49:03,"Dublin City, Ireland",@ESBNetworks Power outage in Glasnevin?
2019-04-15 18:47:51,United States,"RT @911onFOX: A massive power outage fuels fires and disasters all across LA...

Catch the next #911onFOX tonight at 9/8c. https://t.co/Ynk‚Ä¶"
2019-04-15 18:46:21,,"RT @911onFOX: Prepare for a massive power outage in LA...

#911onFOX is back tonight at 9/8c. https://t.co/xqXGqDLzJB"
2019-04-15 18:45:56,,Power outage ü§¨
2019-04-15 18:45:51,,"RT @911onFOX: Prepare for a massive power outage in LA...

#911onFOX is back Monday at 9/8c. https://t.co/oOuODafoRm"
2019-04-15 18:44:28,Chicago,"RT @911onFOX: Prepare for a massive power outage in LA...

#911onFOX is back tonight at 9/8c. https://t.co/xqXGqDLzJB"
2019-04-15 18:44:13,Canada,RT @elkenergyinc: Portions of E.L.K.'s Belle River service area is currently experiencing a power outage.  The cause of the outage has been‚Ä¶
2019-04-15 18:41:42,,"@isabel_carol @FEngole @b_selestino Following our telephone conversation, we are glad you now have power Isabel, we‚Ä¶ https://t.co/muqNH4Hu1w"
2019-04-15 18:41:15,"Colorado, USA","RT @911onFOX: Prepare for a massive power outage in LA...

#911onFOX is back tonight at 9/8c. https://t.co/xqXGqDLzJB"
2019-04-15 18:40:02,INDIANA,"RT @Kevin_Ratermann: CAR CRASH &amp; POWER OUTAGE near 25TH &amp; KEYSTONE: A driver rolled their car &amp; took out a power pole on 25th St, just west‚Ä¶"
2019-04-15 18:39:56,S.E. Division and 12th,"Power Outage!
-
Neighborhood black out!
-
- We are closed for the day due to a block wide black out.
-
- @ The Bake‚Ä¶ https://t.co/9THuiQIGAR"
2019-04-15 18:39:29,,Now just a power outage üôÑ
2019-04-15 18:37:45,,"Power outage at school all day... No problem, we got this! üòäüòâ #growthmentality #oldschool https://t.co/NEaTitu8AK"
2019-04-15 18:37:20,"Johannesburg, South Africa","@CityofJoburgZA @CityPowerJhb Is there a power outage in the Hobart road area, Bryanston or is it liad shedding?"
2019-04-15 18:36:27,Winnipeg,"RT @WinnipegTMC: TRAFFIC UPDATE:
HYDRO OUTAGE
North PEMBINA and CONFUSION CORNER
Power has been restored to these intersections. No delays.‚Ä¶"
2019-04-15 18:36:14,Lagos,"RT @XperiencSwtness: Thread bcos knowledge is power. Pls know d individuals who own ur DISCOüëá

1. ELECTRICITY DISTRIBUTION IN NIGERIA IS CO‚Ä¶"
2019-04-15 18:35:46,Oklahoma,"Due to a power outage, the Bryan County DHS office will close at 2:00 p.m. today."
2019-04-15 18:34:48,"Los Angeles, CA",We weren‚Äôt able to go up to the top of #NotreDame last time due to a power outage. We said we would do it the next‚Ä¶ https://t.co/OJtTFPiqGJ
2019-04-15 18:33:02,United States and Hogwarts,"RT @911onFOX: Prepare for a massive power outage in LA...

#911onFOX is back tonight at 9/8c. https://t.co/xqXGqDLzJB"
2019-04-15 18:32:50,"Winnipeg, Manitoba","TRAFFIC UPDATE:
HYDRO OUTAGE
North PEMBINA and CONFUSION CORNER
Power has been restored to these intersections. No‚Ä¶ https://t.co/J2e7R0dfH1"
2019-04-15 18:32:50,,"RT @911onFOX: A massive power outage fuels fires and disasters all across LA...

Catch the next #911onFOX tonight at 9/8c. https://t.co/Ynk‚Ä¶"
2019-04-15 18:31:33,Saskatchewan,"Rosthern Area: Planned Outage on Thursday, April 18, 2019 https://t.co/VZNn08MVdE https://t.co/f0Ef8sCNmJ"
2019-04-15 18:31:33,Saskatchewan,"Humboldt Area: Planned Outage on Thursday, April 18, 2019 https://t.co/gfUiPT6ddg https://t.co/f0Ef8sCNmJ"
2019-04-15 18:31:32,Saskatchewan,"Humboldt Area: Planned Outage on Wednesday, April 17, 2019 https://t.co/3WXquravvw https://t.co/f0Ef8sCNmJ"
2019-04-15 18:30:59,,"RT @911onFOX: Prepare for a massive power outage in LA...

#911onFOX is back tonight at 9/8c. https://t.co/xqXGqDLzJB"
2019-04-15 18:30:13,,Home Land On Power Grid Supply @ 00:00 &amp; Outage =&gt; 0:00:00
2019-04-15 18:28:58,"Smithfield, RI",RT @SmfldEM: ***WIND ADVISORY*** in effect from 3PM this afternoon until 8AM Tuesday. West winds of 15 to 25MPH will gust to 45MPH. In the‚Ä¶
2019-04-15 18:27:09,,RT @dog_feelings: the human likes to cover my eyes with my ears. and pretend there‚Äôs been a power outage. i go along with this. because it‚Ä¶
2019-04-15 18:26:54,United States,"RT @911onFOX: A massive power outage fuels fires and disasters all across LA...

Catch the next #911onFOX tonight at 9/8c. https://t.co/Ynk‚Ä¶"
2019-04-15 18:25:21,"Ottawa, Ontario",The power outage didn‚Äôt stop us from having fun in the gym! #ocsbSpecEd @DeborahRCox #lukocsb https://t.co/SLxiVfPbSL
2019-04-15 18:24:50,"Sauced Up North Denver, CO",@RockiesHQ You‚Äôre correct I was thinking it was from earlier in series good luck with the power outage at least the‚Ä¶ https://t.co/SicLU79fvF
2019-04-15 18:24:21,Winnipeg,"Power outage at our lab, we will be closed for the remainder of today. Sorry for the inconvenience. https://t.co/q1zlvELokD"
2019-04-15 18:23:39,"Wisconsin, USA","RT @911onFOX: A massive power outage fuels fires and disasters all across LA...

Catch the next #911onFOX tonight at 9/8c. https://t.co/Ynk‚Ä¶"
2019-04-15 18:23:20,"South Side, Saint Louis","RT @911onFOX: Prepare for a massive power outage in LA...

#911onFOX is back tonight at 9/8c. https://t.co/xqXGqDLzJB"
2019-04-15 18:22:23,,Gjoa Haven: Power outage between 11:45 a.m. and 11:55 a.m. local time was caused by a issue with the power distribu‚Ä¶ https://t.co/zwD5ofYQQJ
2019-04-15 18:21:02,,"RT @LibroCU: Due to a power outage, the Belle River branch is closed for the rest of the day. We apologize for any inconvenience this may c‚Ä¶"
2019-04-15 18:20:00,"Huntsville, TX","RT @escregion6: Due to an power outage, ESC6 has closed for the afternoon (4/15). We will be back in the morning to serve district's needs."
2019-04-15 18:19:42,"San Antonio, TX","RT @911onFOX: Prepare for a massive power outage in LA...

#911onFOX is back tonight at 9/8c. https://t.co/xqXGqDLzJB"
2019-04-15 18:19:05,,"Beautiful cloud formations viewed right from my compound.

One of the few advantages of PHCN power outage‚Ä¶ https://t.co/Zfh8utYx0W"
2019-04-15 18:18:37,"Peterborough, Ontario Canada","Planned power outage: McGill St. and Lock St. 
The outage will take place on April 16, from 9:00 a.m. until 1:00 p.‚Ä¶ https://t.co/L7nZnbjB1j"
2019-04-15 18:18:18,,"@karlkinks Sorry about the outage.Power is off due to a fault on the line,works to have your power restored are in‚Ä¶ https://t.co/fX9PdfxuNx"
2019-04-15 18:17:01,"Rochester, Minnesota","(1/3) Storm Recovery: Next Phase

We believe we have restored power to most members.  If you are still without powe‚Ä¶ https://t.co/zwaiztBBjT"
